t,state,p,acc,fitness,sample_count,step_seconds
0,CA,0.3333333333333333,0.721,0.721,336,0.6813614880666137
0,NY,0.3333333333333333,0.6864,0.6864,334,0.6813614880666137
0,TX,0.3333333333333333,0.6892,0.6892,330,0.6813614880666137
1,CA,0.337676097790684,0.7208,0.7208,359,0.0409956686198711
1,NY,0.3308872581721147,0.6824,0.6824,319,0.0409956686198711
1,TX,0.3314366440372012,0.68,0.68,322,0.0409956686198711
2,CA,0.3429026705490308,0.7192,0.7192,346,0.0390700669959187
2,NY,0.3285106495553197,0.6814,0.6814,314,0.0390700669959187
2,TX,0.3285866798956494,0.6856,0.6856,340,0.0390700669959187
3,CA,0.3476462492236628,0.7212,0.7212,317,0.0380565114319324
3,NY,0.3257322612720547,0.6816,0.6816,344,0.0380565114319324
3,TX,0.3266214895042824,0.6922,0.6922,339,0.0380565114319324
4,CA,0.352224227082068,0.7252,0.7252,361,0.0378594631329178
4,NY,0.3224287890322713,0.6826,0.6826,319,0.0378594631329178
4,TX,0.3253469838856607,0.6824,0.6824,320,0.0378594631329178
5,CA,0.3579634943224093,0.7304,0.7304,330,0.0379460323601961
5,NY,0.3195911624111078,0.6926,0.6926,309,0.0379460323601961
5,TX,0.3224453432664829,0.6976,0.6976,361,0.0379460323601961
6,CA,0.3627126218976733,0.734,0.734,378,0.0384977702051401
6,NY,0.3167572189262757,0.6952,0.6952,314,0.0384977702051401
6,TX,0.320530159176051,0.6994,0.6994,308,0.0384977702051401
7,CA,0.3676701306446311,0.7222,0.7222,344,0.0405795499682426
7,NY,0.3139019781619956,0.6886,0.6886,329,0.0405795499682426
7,TX,0.318427891193373,0.6956,0.6956,327,0.0405795499682426
8,CA,0.3717754382270171,0.7378,0.7378,374,0.0380402524024248
8,NY,0.3112143381362091,0.6946,0.6946,300,0.0380402524024248
8,TX,0.3170102236367739,0.7028,0.7028,326,0.0380402524024248
9,CA,0.377100549613043,0.7332,0.7332,373,0.0391552960500121
9,NY,0.3078247091194369,0.6858,0.6858,316,0.0391552960500121
9,TX,0.31507474126752,0.685,0.685,311,0.0391552960500121
10,CA,0.3836926365525467,0.7182,0.7182,391,0.0384899014607071
10,NY,0.3046401539999104,0.6742,0.6742,299,0.0384899014607071
10,TX,0.3116672094475428,0.6746,0.6746,310,0.0384899014607071
11,CA,0.3898166412644169,0.738,0.738,383,0.0381932510063052
11,NY,0.3015766270679669,0.6962,0.6962,316,0.0381932510063052
11,TX,0.3086067316676161,0.701,0.701,301,0.0381932510063052
12,CA,0.3952806000137648,0.7348,0.7348,379,0.037932813167572
12,NY,0.298448974729832,0.6858,0.6858,300,0.037932813167572
12,TX,0.3062704252564032,0.6942,0.6942,321,0.037932813167572
13,CA,0.4015436859950648,0.7216,0.7216,404,0.0384737104177475
13,NY,0.2946144395285215,0.6862,0.6862,310,0.0384737104177475
13,TX,0.3038418744764136,0.6858,0.6858,286,0.0384737104177475
14,CA,0.4065755520923542,0.7358,0.7358,425,0.0400876617059111
14,NY,0.2921724878427484,0.697,0.697,265,0.0400876617059111
14,TX,0.3012519600648973,0.7094,0.7094,310,0.0400876617059111
15,CA,0.411144458071204,0.7174,0.7174,390,0.0378650929778814
15,NY,0.2888515199222234,0.6742,0.6742,306,0.0378650929778814
15,TX,0.3000040220065725,0.6744,0.6744,304,0.0378650929778814
16,CA,0.4173111965473315,0.7246,0.7246,421,0.0383549816906452
16,NY,0.2858091527821493,0.6876,0.6876,284,0.0383549816906452
16,TX,0.2968796506705191,0.6896,0.6896,295,0.0383549816906452
17,CA,0.4224468248433834,0.7094,0.7094,392,0.0383339300751686
17,NY,0.283119172769049,0.6632,0.6632,289,0.0383339300751686
17,TX,0.2944340023875677,0.6596,0.6596,319,0.0383339300751686
18,CA,0.4294160864242084,0.7302,0.7302,411,0.0382501417770981
18,NY,0.2800117892630668,0.6818,0.6818,288,0.0382501417770981
18,TX,0.2905721243127248,0.6856,0.6856,301,0.0382501417770981
19,CA,0.436098482129385,0.7442,0.7442,466,0.0380422910675406
19,NY,0.2764143735977191,0.7004,0.7004,243,0.0380422910675406
19,TX,0.2874871442728959,0.7138,0.7138,291,0.0380422910675406
20,CA,0.4413737509225762,0.7292,0.7292,449,0.040763009339571
20,NY,0.2727327950350699,0.6824,0.6824,273,0.040763009339571
20,TX,0.2858934540423538,0.689,0.689,278,0.040763009339571
21,CA,0.4476533267002802,0.7384,0.7384,477,0.0383446598425507
21,NY,0.2691266533131761,0.692,0.692,258,0.0383446598425507
21,TX,0.2832200199865437,0.7064,0.7064,265,0.0383446598425507
22,CA,0.4532724336067547,0.7172,0.7172,476,0.0377031443640589
22,NY,0.2652313449772582,0.6778,0.6778,239,0.0377031443640589
22,TX,0.2814962214159871,0.6792,0.6792,285,0.0377031443640589
23,CA,0.4589239899148233,0.7284,0.7284,473,0.0377081036567688
23,NY,0.2623769086817542,0.6906,0.6906,241,0.0377081036567688
23,TX,0.2786991014034224,0.697,0.697,286,0.0377081036567688
24,CA,0.4639351007108185,0.712,0.712,463,0.0385702103376388
24,NY,0.2594410474749258,0.6686,0.6686,271,0.0385702103376388
24,TX,0.2766238518142558,0.659,0.659,266,0.0385702103376388
25,CA,0.4710673704165214,0.725,0.725,473,0.0386991584673523
25,NY,0.2567514819328509,0.6852,0.6852,252,0.0386991584673523
25,TX,0.2721811476506277,0.689,0.689,275,0.0386991584673523
26,CA,0.4765979037487511,0.7142,0.7142,484,0.0382774220779538
26,NY,0.2537724163795777,0.6736,0.6736,252,0.0382774220779538
26,TX,0.2696296798716711,0.6686,0.6686,264,0.0382774220779538
27,CA,0.4829648219264612,0.7168,0.7168,475,0.0376141145825386
27,NY,0.2510718151922261,0.6782,0.6782,260,0.0376141145825386
27,TX,0.2659633628813126,0.6728,0.6728,265,0.0376141145825386
28,CA,0.489059192267444,0.7104,0.7104,474,0.0382855609059333
28,NY,0.2485237521974935,0.6664,0.6664,259,0.0382855609059333
28,TX,0.2624170555350624,0.6624,0.6624,267,0.0382855609059333
29,CA,0.4958813482687794,0.7276,0.7276,487,0.0381070524454116
29,NY,0.2455080959553361,0.693,0.693,237,0.0381070524454116
29,TX,0.2586105557758845,0.6992,0.6992,276,0.0381070524454116
30,CA,0.5004697953029181,0.7312,0.7312,495,0.0373767148703336
30,NY,0.2428173299702324,0.6846,0.6846,220,0.0373767148703336
30,TX,0.2567128747268494,0.6858,0.6858,285,0.0373767148703336
31,CA,0.5071994614589558,0.717,0.717,486,0.0388328377157449
31,NY,0.2394584374124414,0.6702,0.6702,251,0.0388328377157449
31,TX,0.2533421011286028,0.6678,0.6678,263,0.0388328377157449
32,CA,0.5142896151194896,0.7376,0.7376,504,0.0380940213799476
32,NY,0.2361877122145823,0.6928,0.6928,237,0.0380940213799476
32,TX,0.2495226726659281,0.705,0.705,259,0.0380940213799476
33,CA,0.5198893308456498,0.7262,0.7262,532,0.0402405317872762
33,NY,0.2326035250245907,0.689,0.689,216,0.0402405317872762
33,TX,0.2475071441297595,0.6888,0.6888,252,0.0402405317872762
34,CA,0.5253398207533712,0.7376,0.7376,543,0.0378016037866473
34,NY,0.2299769160910963,0.6976,0.6976,227,0.0378016037866473
34,TX,0.2446832631555325,0.7044,0.7044,230,0.0378016037866473
35,CA,0.5306297994940231,0.7122,0.7122,545,0.0380891412496566
35,NY,0.2269452612124844,0.672,0.672,221,0.0380891412496566
35,TX,0.2424249392934926,0.6668,0.6668,234,0.0380891412496566
36,CA,0.5369423028606479,0.718,0.718,566,0.0384062202647328
36,NY,0.2242533216230195,0.6812,0.6812,211,0.0384062202647328
36,TX,0.2388043755163325,0.6744,0.6744,223,0.0384062202647328
37,CA,0.5428397266079682,0.7426,0.7426,510,0.037834633141756
37,NY,0.2218600509289796,0.6962,0.6962,242,0.037834633141756
37,TX,0.2353002224630521,0.7008,0.7008,248,0.037834633141756
38,CA,0.5491836887254948,0.714,0.714,562,0.0384216904640197
38,NY,0.2184763664106234,0.6768,0.6768,229,0.0384216904640197
38,TX,0.2323399448638816,0.6782,0.6782,209,0.0384216904640197
39,CA,0.5545039146630535,0.7166,0.7166,555,0.0397945344448089
39,NY,0.2158051967710385,0.6694,0.6694,194,0.0397945344448089
39,TX,0.2296908885659079,0.6686,0.6686,251,0.0397945344448089
40,CA,0.5614413649011303,0.7264,0.7264,551,0.0384771600365638
40,NY,0.2124970913318825,0.6828,0.6828,210,0.0384771600365638
40,TX,0.2260615437669871,0.6834,0.6834,239,0.0384771600365638
41,CA,0.5676842872492388,0.7092,0.7092,589,0.0383375901728868
41,NY,0.2094336843166455,0.66,0.66,212,0.0383375901728868
41,TX,0.2228820284341157,0.6572,0.6572,199,0.0383375901728868
42,CA,0.5750503971099702,0.741,0.741,566,0.0385471386834979
42,NY,0.2060443787502834,0.6938,0.6938,224,0.0385471386834979
42,TX,0.2189052241397464,0.7014,0.7014,210,0.0385471386834979
43,CA,0.5811907699146354,0.7312,0.7312,593,0.0384393194690346
43,NY,0.2025988281045844,0.6858,0.6858,175,0.0384393194690346
43,TX,0.2162104019807801,0.6852,0.6852,232,0.0384393194690346
44,CA,0.587689458854706,0.7294,0.7294,602,0.0383726116269826
44,NY,0.1994917442222923,0.6948,0.6948,211,0.0383726116269826
44,TX,0.2128187969230015,0.7014,0.7014,187,0.0383726116269826
45,CA,0.5920927819571742,0.7096,0.7096,579,0.0372261255979537
45,NY,0.1969653326879998,0.6746,0.6746,189,0.0372261255979537
45,TX,0.210941885354826,0.6698,0.6698,232,0.0372261255979537
46,CA,0.5974357621126951,0.7318,0.7318,608,0.037750263698399
46,NY,0.1946739408514272,0.6874,0.6874,197,0.037750263698399
46,TX,0.2078902970358776,0.6914,0.6914,195,0.037750263698399
47,CA,0.6033734371805116,0.7312,0.7312,591,0.0383341815322637
47,NY,0.1915680600609725,0.6844,0.6844,193,0.0383341815322637
47,TX,0.2050585027585158,0.6902,0.6902,216,0.0383341815322637
48,CA,0.609489734197104,0.734,0.734,592,0.0373235065490007
48,NY,0.1882787467260972,0.6892,0.6892,200,0.0373235065490007
48,TX,0.2022315190767989,0.6952,0.6952,208,0.0373235065490007
49,CA,0.6152668095080733,0.7272,0.7272,633,0.0374458841979503
49,NY,0.1851528370696704,0.689,0.689,171,0.0374458841979503
49,TX,0.1995803534222561,0.6892,0.6892,196,0.0374458841979503
50,CA,0.6205326034117137,0.7438,0.7438,625,0.0385050801560282
50,NY,0.1826074568951914,0.6992,0.6992,180,0.0385050801560282
50,TX,0.1968599396930949,0.709,0.709,195,0.0385050801560282
51,CA,0.6259148749543936,0.7172,0.7172,633,0.0401952723041176
51,NY,0.179480389097035,0.682,0.682,179,0.0401952723041176
51,TX,0.1946047359485714,0.685,0.685,188,0.0401952723041176
52,CA,0.6305355646340389,0.7154,0.7154,627,0.0387752996757626
52,NY,0.1770991304245315,0.6706,0.6706,176,0.0387752996757626
52,TX,0.1923653049414296,0.6682,0.6682,197,0.0387752996757626
53,CA,0.6368519912251859,0.7148,0.7148,639,0.0375693943351507
53,NY,0.1742017139456373,0.6696,0.6696,171,0.0375693943351507
53,TX,0.1889462948291767,0.6612,0.6612,190,0.0375693943351507
54,CA,0.6436083926354358,0.7266,0.7266,643,0.038285749964416
54,NY,0.1714093754361093,0.6864,0.6864,187,0.038285749964416
54,TX,0.1849822319284547,0.6796,0.6796,170,0.038285749964416
55,CA,0.6494707147419664,0.7186,0.7186,658,0.0385456392541527
55,NY,0.1689434286833147,0.675,0.675,161,0.0385456392541527
55,TX,0.1815858565747188,0.6674,0.6674,181,0.0385456392541527
56,CA,0.6558294785208042,0.7314,0.7314,681,0.0379796139895916
56,NY,0.1662695296894382,0.6896,0.6896,164,0.0379796139895916
56,TX,0.1779009917897575,0.6836,0.6836,155,0.0379796139895916
57,CA,0.6617358488686729,0.7334,0.7334,684,0.0388012686744332
57,NY,0.1637166634459819,0.689,0.689,148,0.0388012686744332
57,TX,0.1745474876853452,0.6936,0.6936,168,0.0388012686744332
58,CA,0.6672077724154107,0.7094,0.7094,631,0.0386932790279388
58,NY,0.1608422636246466,0.6652,0.6652,179,0.0386932790279388
58,TX,0.1719499639599425,0.6624,0.6624,190,0.0386932790279388
59,CA,0.6731901925515338,0.7188,0.7188,666,0.0388049893081188
59,NY,0.1580882393149057,0.6812,0.6812,165,0.0388049893081188
59,TX,0.1687215681335606,0.6768,0.6768,169,0.0388049893081188
60,CA,0.6783327121123663,0.71,0.71,671,0.0386125491932034
60,NY,0.1558111667734542,0.6712,0.6712,154,0.0386125491932034
60,TX,0.1658561211141794,0.67,0.67,175,0.0386125491932034
61,CA,0.6834001514576818,0.6944,0.6944,677,0.038448829203844
61,NY,0.1534133685262221,0.646,0.646,149,0.038448829203844
61,TX,0.1631864800160961,0.6496,0.6496,174,0.038448829203844
62,CA,0.6893957303239312,0.7324,0.7324,683,0.0382701903581619
62,NY,0.1503386384314236,0.6822,0.6822,158,0.0382701903581619
62,TX,0.1602656312446451,0.6764,0.6764,159,0.0382701903581619
63,CA,0.6960337950648172,0.7224,0.7224,679,0.0386259891092777
63,NY,0.1473878907158322,0.6854,0.6854,165,0.0386259891092777
63,TX,0.1565783142193504,0.69,0.69,156,0.0386259891092777
64,CA,0.7003137796994523,0.7036,0.7036,709,0.0382059318944811
64,NY,0.1451085897790922,0.6504,0.6504,128,0.0382059318944811
64,TX,0.1545776305214555,0.6392,0.6392,163,0.0382059318944811
65,CA,0.7076555928171295,0.7146,0.7146,704,0.0383072113618254
65,NY,0.1420508957373983,0.6746,0.6746,140,0.0383072113618254
65,TX,0.150293511445472,0.6736,0.6736,156,0.0383072113618254
66,CA,0.7125779202547552,0.7114,0.7114,695,0.0375887155532836
66,NY,0.1397020123569521,0.6636,0.6636,148,0.0375887155532836
66,TX,0.1477200673882927,0.667,0.667,157,0.0375887155532836
67,CA,0.7181321894180164,0.7092,0.7092,706,0.0379343116655945
67,NY,0.1368585954634003,0.6816,0.6816,139,0.0379343116655945
67,TX,0.1450092151185832,0.6762,0.6762,155,0.0379343116655945
68,CA,0.7217479393995869,0.7182,0.7182,733,0.2203345242887735
68,NY,0.135326563035565,0.6794,0.6794,130,0.2203345242887735
68,TX,0.142925497564848,0.6732,0.6732,137,0.2203345242887735
69,CA,0.7266888134726488,0.7026,0.7026,713,0.0381308821961283
69,NY,0.1331761354505254,0.6686,0.6686,128,0.0381308821961283
69,TX,0.1401350510768257,0.663,0.663,159,0.0381308821961283
70,CA,0.7310155430081616,0.722,0.722,744,0.0380789320915937
70,NY,0.1312937808289189,0.6836,0.6836,136,0.0380789320915937
70,TX,0.1376906761629193,0.6772,0.6772,120,0.0380789320915937
71,CA,0.7358056392046385,0.7022,0.7022,708,0.0385651299729943
71,NY,0.1292071138352736,0.6672,0.6672,141,0.0385651299729943
71,TX,0.1349872469600879,0.6672,0.6672,151,0.0385651299729943
72,CA,0.7398245627807517,0.7004,0.7004,727,0.038685499690473
72,NY,0.1272416157283843,0.6606,0.6606,128,0.038685499690473
72,TX,0.132933821490864,0.656,0.656,145,0.038685499690473
73,CA,0.7446269238510083,0.7116,0.7116,760,0.0378331234678626
73,NY,0.1250699860778994,0.6802,0.6802,120,0.0378331234678626
73,TX,0.1303030900710923,0.6752,0.6752,120,0.0378331234678626
74,CA,0.7484180882541007,0.701,0.701,756,0.0379852522164583
74,NY,0.1234006206921848,0.6616,0.6616,110,0.0379852522164583
74,TX,0.1281812910537144,0.6494,0.6494,134,0.0379852522164583
75,CA,0.7535017394913941,0.717,0.717,754,0.0368113480508327
75,NY,0.1213610982858275,0.674,0.674,128,0.0368113480508327
75,TX,0.1251371622227785,0.6734,0.6734,118,0.0368113480508327
76,CA,0.7582155294477732,0.7106,0.7106,772,0.0378401530906558
76,NY,0.1190619723044315,0.6732,0.6732,88,0.0378401530906558
76,TX,0.1227224982477953,0.6622,0.6622,140,0.0378401530906558
77,CA,0.7628501974504653,0.7238,0.7238,776,0.0372813260182738
77,NY,0.1171707064773738,0.6856,0.6856,111,0.0372813260182738
77,TX,0.1199790960721609,0.681,0.681,113,0.0372813260182738
78,CA,0.7671273065805706,0.7132,0.7132,767,0.0377114741131663
78,NY,0.1152165518903567,0.6748,0.6748,125,0.0377114741131663
78,TX,0.1176561415290726,0.6646,0.6646,108,0.0377114741131663
79,CA,0.7716958632375864,0.7244,0.7244,782,0.0382179319858551
79,NY,0.1133048474503871,0.6788,0.6788,109,0.0382179319858551
79,TX,0.1149992893120263,0.6844,0.6844,109,0.0382179319858551
80,CA,0.7760914974149717,0.7188,0.7188,772,0.0377972535789012
80,NY,0.1109369419466173,0.6802,0.6802,124,0.0377972535789012
80,TX,0.1129715606384109,0.6788,0.6788,104,0.0377972535789012
81,CA,0.7800858877106586,0.7086,0.7086,776,0.0383757296949625
81,NY,0.1090037204423755,0.6706,0.6706,122,0.0383757296949625
81,TX,0.1109103918469659,0.6634,0.6634,102,0.0383757296949625
82,CA,0.7842883859375259,0.7116,0.7116,806,0.0369405569508671
82,NY,0.1071535981230287,0.673,0.673,98,0.0369405569508671
82,TX,0.1085580159394453,0.6694,0.6694,96,0.0369405569508671
83,CA,0.7883032597406594,0.7124,0.7124,790,0.0375765040516853
83,NY,0.1052732330038979,0.6656,0.6656,104,0.0375765040516853
83,TX,0.1064235072554426,0.6634,0.6634,106,0.0375765040516853
84,CA,0.7929997312592966,0.7192,0.7192,804,0.0392351159825921
84,NY,0.1030061538391634,0.6842,0.6842,101,0.0392351159825921
84,TX,0.1039941149015399,0.685,0.685,95,0.0392351159825921
85,CA,0.7963170151344775,0.7266,0.7266,791,0.0381089318543672
85,NY,0.1013312470049492,0.6856,0.6856,90,0.0381089318543672
85,TX,0.1023517378605732,0.6856,0.6856,119,0.0381089318543672
86,CA,0.8001872605397842,0.7246,0.7246,816,0.0381663823500275
86,NY,0.0994058196385257,0.684,0.684,89,0.0381663823500275
86,TX,0.10040691982169,0.683,0.683,95,0.0381663823500275
87,CA,0.8040161059562034,0.7014,0.7014,792,0.0377891045063734
87,NY,0.0975300915057149,0.6696,0.6696,97,0.0377891045063734
87,TX,0.0984538025380816,0.6574,0.6574,111,0.0377891045063734
88,CA,0.8075442704914396,0.725,0.725,815,0.03824333101511
88,NY,0.0961271863957009,0.6864,0.6864,85,0.03824333101511
88,TX,0.0963285431128593,0.693,0.693,100,0.03824333101511
89,CA,0.8107369397644464,0.7074,0.7074,813,0.0379647929221391
89,NY,0.0943477062347147,0.6666,0.6666,91,0.0379647929221391
89,TX,0.0949153540008388,0.6676,0.6676,96,0.0379647929221391
90,CA,0.8143747813433406,0.7334,0.7334,827,0.0378445228561759
90,NY,0.0925064045787123,0.6892,0.6892,88,0.0378445228561759
90,TX,0.093118814077947,0.6884,0.6884,85,0.0378445228561759
91,CA,0.818283095576985,0.7154,0.7154,807,0.0394577849656343
91,NY,0.0905802145843994,0.6668,0.6668,89,0.0394577849656343
91,TX,0.0911366898386155,0.6658,0.6658,104,0.0394577849656343
92,CA,0.8225616139175153,0.7114,0.7114,809,0.0380830820649862
92,NY,0.0884741278990887,0.6714,0.6714,97,0.0380830820649862
92,TX,0.0889642581833959,0.6722,0.6722,94,0.0380830820649862
93,CA,0.8259526645768837,0.7048,0.7048,811,0.0376781923696398
93,NY,0.0867624646675335,0.6608,0.6608,98,0.0376781923696398
93,TX,0.0872848707555827,0.6636,0.6636,91,0.0376781923696398
94,CA,0.8295601833402518,0.7078,0.7078,835,0.0369490180164575
94,NY,0.0848923430433509,0.6676,0.6676,93,0.0369490180164575
94,TX,0.0855474736163971,0.6652,0.6652,72,0.0369490180164575
95,CA,0.8330023269725536,0.7188,0.7188,826,0.0371477771550416
95,NY,0.0832380146834707,0.684,0.684,91,0.0371477771550416
95,TX,0.0837596583439756,0.6776,0.6776,83,0.0371477771550416
96,CA,0.8360900329705843,0.7256,0.7256,840,0.0380401313304901
96,NY,0.0818550139894069,0.6838,0.6838,74,0.0380401313304901
96,TX,0.0820549530400088,0.6838,0.6838,86,0.0380401313304901
97,CA,0.8394229334268222,0.7236,0.7236,851,0.0383030120283365
97,NY,0.0801905965142835,0.6838,0.6838,78,0.0383030120283365
97,TX,0.0803864700588943,0.6886,0.6886,71,0.0383030120283365
98,CA,0.8423577517176004,0.7098,0.7098,864,0.0384659003466367
98,NY,0.0786127901109291,0.6754,0.6754,64,0.0384659003466367
98,TX,0.0790294581714705,0.6792,0.6792,72,0.0384659003466367
99,CA,0.8448890494891884,0.7034,0.7034,848,0.0378264738246798
99,NY,0.0772626346279683,0.6612,0.6612,67,0.0378264738246798
99,TX,0.0778483158828433,0.654,0.654,85,0.0378264738246798
100,CA,0.8484284965279284,0.7206,0.7206,849,0.0376688744872808
100,NY,0.0756641849933504,0.6866,0.6866,86,0.0376688744872808
100,TX,0.0759073184787212,0.6898,0.6898,65,0.0376688744872808
101,CA,0.8508568098678502,0.7308,0.7308,872,0.038264350965619
101,NY,0.0743813006199935,0.6808,0.6808,61,0.038264350965619
101,TX,0.0747618895121562,0.6768,0.6768,67,0.038264350965619
102,CA,0.8546869049744088,0.7186,0.7186,841,0.0380725618451833
102,NY,0.0725576973694344,0.669,0.669,73,0.0380725618451833
102,TX,0.0727553976561568,0.6688,0.6688,86,0.0380725618451833
103,CA,0.8582937165613402,0.7024,0.7024,869,0.0367700578644871
103,NY,0.0707609906241709,0.6562,0.6562,56,0.0367700578644871
103,TX,0.0709452928144888,0.652,0.652,75,0.0367700578644871
104,CA,0.8617585694209065,0.7194,0.7194,843,0.0382726211100816
104,NY,0.0691185711370632,0.679,0.679,75,0.0382726211100816
104,TX,0.0691228594420302,0.6772,0.6772,82,0.0382726211100816
105,CA,0.8646296260227813,0.711,0.711,863,0.0379687622189521
105,NY,0.0677193883436387,0.6712,0.6712,69,0.0379687622189521
105,TX,0.06765098563358,0.6668,0.6668,68,0.0379687622189521
106,CA,0.8675122435791791,0.7214,0.7214,855,0.0381166115403175
106,NY,0.0663646708627161,0.6776,0.6776,60,0.0381166115403175
106,TX,0.0661230855581047,0.6798,0.6798,85,0.0381166115403175
107,CA,0.8703727802715046,0.7126,0.7126,876,0.0378596829250454
107,NY,0.0648893242321437,0.6758,0.6758,61,0.0378596829250454
107,TX,0.0647378954963517,0.6752,0.6752,63,0.0378596829250454
108,CA,0.8728237425379303,0.7172,0.7172,864,0.0379869723692536
108,NY,0.0636737970107178,0.672,0.672,60,0.0379869723692536
108,TX,0.0635024604513518,0.6728,0.6728,76,0.0379869723692536
109,CA,0.8757293591413133,0.7154,0.7154,868,0.0377364736050367
109,NY,0.0622041701002702,0.6706,0.6706,69,0.0377364736050367
109,TX,0.0620664707584163,0.6692,0.6692,63,0.0377364736050367
110,CA,0.8786254414450211,0.7338,0.7338,877,0.0375304352492094
110,NY,0.0607799636937508,0.6966,0.6966,66,0.0375304352492094
110,TX,0.060594594861228,0.703,0.703,57,0.0375304352492094
111,CA,0.8807220089606056,0.7222,0.7222,883,0.0376917840912938
111,NY,0.0596178040402203,0.6852,0.6852,59,0.0376917840912938
111,TX,0.0596601869991741,0.6872,0.6872,58,0.0376917840912938
112,CA,0.8829234039520327,0.713,0.713,888,0.0381859019398689
112,NY,0.0584827815601684,0.6744,0.6744,66,0.0381859019398689
112,TX,0.0585938144877988,0.6748,0.6748,46,0.0381859019398689
113,CA,0.8852467083997422,0.71,0.71,892,0.0373598765581846
113,NY,0.0573153784500386,0.6644,0.6644,51,0.0373598765581846
113,TX,0.0574379131502191,0.6574,0.6574,57,0.0373598765581846
114,CA,0.8881734296854324,0.7044,0.7044,877,0.036909838207066
114,NY,0.0559714061042708,0.6574,0.6574,63,0.036909838207066
114,TX,0.0558551642102967,0.6512,0.6512,60,0.036909838207066
115,CA,0.8911023723565042,0.7048,0.7048,889,0.0431190663948655
115,NY,0.0546074440358835,0.6716,0.6716,52,0.0431190663948655
115,TX,0.0542901836076121,0.6704,0.6704,59,0.0431190663948655
116,CA,0.893030365333504,0.7222,0.7222,885,0.0369925871491432
116,NY,0.0536598434761911,0.68,0.68,49,0.0369925871491432
116,TX,0.0533097911903048,0.682,0.682,66,0.0369925871491432
117,CA,0.8953216958873248,0.7166,0.7166,896,0.0379207730293273
117,NY,0.0524792936210575,0.6798,0.6798,63,0.0379207730293273
117,TX,0.0521990104916177,0.6738,0.6738,41,0.0379207730293273
118,CA,0.8974994918696078,0.7056,0.7056,888,0.0374792851507663
118,NY,0.0514791719005048,0.6696,0.6696,61,0.0374792851507663
118,TX,0.0510213362298873,0.659,0.659,51,0.0374792851507663
119,CA,0.8997313301145434,0.7248,0.7248,920,0.0377244744449853
119,NY,0.0505179167760556,0.683,0.683,40,0.0377244744449853
119,TX,0.0497507531094009,0.6786,0.6786,40,0.0377244744449853
120,CA,0.902037746555982,0.7258,0.7258,915,0.0376207744702696
120,NY,0.0494199922937767,0.672,0.672,40,0.0376207744702696
120,TX,0.0485422611502413,0.6676,0.6676,45,0.0376207744702696
121,CA,0.9049132266700062,0.7052,0.7052,921,0.037727054208517
121,NY,0.0480320039821807,0.6652,0.6652,41,0.037727054208517
121,TX,0.047054769347813,0.658,0.658,38,0.037727054208517
122,CA,0.9071167912856806,0.709,0.709,893,0.0376114640384912
122,NY,0.0470195052162297,0.6708,0.6708,53,0.0376114640384912
122,TX,0.0458637034980897,0.6662,0.6662,54,0.0376114640384912
123,CA,0.9091164813494336,0.719,0.719,895,0.0367284985259175
123,NY,0.0460698484595932,0.6754,0.6754,58,0.0367284985259175
123,TX,0.044813670190973,0.6702,0.6702,47,0.0367284985259175
124,CA,0.911340785076893,0.7204,0.7204,897,0.0374104948714375
124,NY,0.0450112105911829,0.6776,0.6776,55,0.0374104948714375
124,TX,0.0436480043319241,0.676,0.676,48,0.0374104948714375
125,CA,0.9133924944039226,0.7112,0.7112,905,0.0366006484255194
125,NY,0.0439902377441614,0.674,0.674,47,0.0366006484255194
125,TX,0.0426172678519159,0.6728,0.6728,48,0.0366006484255194
126,CA,0.9151428494607744,0.7092,0.7092,918,0.0377992531284689
126,NY,0.0431163951349835,0.6668,0.6668,44,0.0377992531284689
126,TX,0.0417407554042421,0.6574,0.6574,38,0.0377992531284689
127,CA,0.9172843457683012,0.7252,0.7252,908,0.0378637230023741
127,NY,0.0421452022445197,0.6832,0.6832,41,0.0378637230023741
127,TX,0.040570451987179,0.6816,0.6816,51,0.0378637230023741
128,CA,0.919169874864476,0.705,0.705,903,0.0376975946128368
128,NY,0.041203699909647,0.6716,0.6716,46,0.0376975946128368
128,TX,0.0396264252258771,0.6664,0.6664,51,0.0376975946128368
129,CA,0.9207390645801208,0.6988,0.6988,929,0.0363354906439781
129,NY,0.0404655066123575,0.6544,0.6544,43,0.0363354906439781
129,TX,0.0387954288075218,0.6518,0.6518,28,0.0363354906439781
130,CA,0.9227053011536124,0.7206,0.7206,916,0.0383444111794233
130,NY,0.0394920517338193,0.678,0.678,41,0.0383444111794233
130,TX,0.0378026471125684,0.6834,0.6834,43,0.0383444111794233
131,CA,0.9243646123909224,0.7248,0.7248,915,0.0377545142546296
131,NY,0.0385835363749273,0.684,0.684,37,0.0377545142546296
131,TX,0.0370518512341501,0.6806,0.6806,48,0.0377545142546296
132,CA,0.92608916357663,0.7102,0.7102,932,0.038197711110115
132,NY,0.0377411270788164,0.6696,0.6696,37,0.038197711110115
132,TX,0.0361697093445536,0.6738,0.6738,31,0.038197711110115
133,CA,0.9276344256921528,0.7042,0.7042,932,0.0377649730071425
133,NY,0.0369066354070344,0.661,0.661,37,0.0377649730071425
133,TX,0.0354589389008126,0.654,0.654,31,0.0377649730071425
134,CA,0.92947483461407,0.7158,0.7158,927,0.0380128128454089
134,NY,0.0360424499755173,0.6666,0.6666,37,0.0380128128454089
134,TX,0.0344827154104124,0.667,0.667,36,0.0380128128454089
135,CA,0.9313508052055792,0.7258,0.7258,931,0.0376806640997529
135,NY,0.0350796035782309,0.6764,0.6764,32,0.0376806640997529
135,TX,0.0335695912161898,0.669,0.669,37,0.0376806640997529
136,CA,0.9333191607126544,0.7192,0.7192,946,0.0374835552647709
136,NY,0.0341474872769334,0.6784,0.6784,26,0.0374835552647709
136,TX,0.0325333520104122,0.6758,0.6758,28,0.0374835552647709
137,CA,0.9348445173211402,0.729,0.729,926,0.0377020547166466
137,NY,0.0333915841946749,0.6938,0.6938,35,0.0377020547166466
137,TX,0.031763898484185,0.6966,0.6966,39,0.0377020547166466
138,CA,0.9360379977497716,0.712,0.712,939,0.0373737951740622
138,NY,0.0327535405466381,0.6772,0.6772,34,0.0373737951740622
138,TX,0.0312084617035904,0.6728,0.6728,27,0.0373737951740622
139,CA,0.937331863338696,0.7174,0.7174,919,0.0377565836533904
139,NY,0.0321321101892885,0.683,0.683,33,0.0377565836533904
139,TX,0.0305360264720153,0.6838,0.6838,48,0.0377565836533904
140,CA,0.9384965712895248,0.7192,0.7192,918,0.0379317123442888
140,NY,0.0315276219901367,0.677,0.677,38,0.0379317123442888
140,TX,0.0299758067203383,0.6754,0.6754,44,0.0379317123442888
141,CA,0.9399418061624054,0.7306,0.7306,934,0.0366275887936353
141,NY,0.0308010946226426,0.6846,0.6846,34,0.0366275887936353
141,TX,0.029257099214952,0.6822,0.6822,32,0.0366275887936353
142,CA,0.9414829603209024,0.7148,0.7148,932,0.0368097396567463
142,NY,0.0300315498655764,0.6692,0.6692,30,0.0368097396567463
142,TX,0.0284854898135213,0.6694,0.6694,38,0.0368097396567463
143,CA,0.942947134798009,0.7254,0.7254,945,0.0364987906068563
143,NY,0.0292784126877313,0.6802,0.6802,34,0.0364987906068563
143,TX,0.0277744525142597,0.6792,0.6792,21,0.0364987906068563
144,CA,0.9443738014929224,0.703,0.703,949,0.0380228934809565
144,NY,0.028554548658481,0.6596,0.6596,28,0.0380228934809565
144,TX,0.0270716498485964,0.6532,0.6532,23,0.0380228934809565
145,CA,0.9458108094405708,0.7134,0.7134,956,0.220166933722794
145,NY,0.0278691947736923,0.6706,0.6706,18,0.220166933722794
145,TX,0.0263199957857366,0.6658,0.6658,26,0.220166933722794
146,CA,0.947162748738261,0.7292,0.7292,947,0.0364673901349306
146,NY,0.0272118752528166,0.6934,0.6934,24,0.0364673901349306
146,TX,0.0256253760089224,0.694,0.694,29,0.0364673901349306
147,CA,0.9481915455412794,0.7018,0.7018,958,0.0368044972419738
147,NY,0.0266774472218954,0.6542,0.6542,20,0.0368044972419738
147,TX,0.025131007236825,0.6418,0.6418,22,0.0368044972419738
148,CA,0.949741730156358,0.698,0.698,949,0.036428770981729
148,NY,0.025973663426459,0.6558,0.6558,32,0.036428770981729
148,TX,0.0242846064171828,0.6504,0.6504,19,0.036428770981729
149,CA,0.9510030334167686,0.7222,0.7222,937,0.037874543108046
149,NY,0.0253617830072962,0.6768,0.6768,28,0.037874543108046
149,TX,0.0236351835759351,0.6742,0.6742,35,0.037874543108046
150,CA,0.9522669982493432,0.7112,0.7112,946,0.0377293042838573
150,NY,0.0247260244490517,0.6694,0.6694,32,0.0377293042838573
150,TX,0.0230069773016051,0.6614,0.6614,22,0.0377293042838573
151,CA,0.953481302429453,0.7278,0.7278,956,0.0396067248657345
151,NY,0.0241527941127486,0.6842,0.6842,23,0.0396067248657345
151,TX,0.0223659034577983,0.6876,0.6876,21,0.0396067248657345
152,CA,0.9545598208551336,0.7112,0.7112,943,0.0374604137614369
152,NY,0.0235699435167559,0.6706,0.6706,34,0.0374604137614369
152,TX,0.0218702356281105,0.6592,0.6592,23,0.0374604137614369
153,CA,0.955729456750253,0.726,0.726,959,0.0375816645100712
153,NY,0.0230389174583847,0.6854,0.6854,24,0.0375816645100712
153,TX,0.0212316257913623,0.69,0.69,17,0.0375816645100712
154,CA,0.9566715612839078,0.702,0.702,951,0.0378371039405465
154,NY,0.0225191585843294,0.6628,0.6628,27,0.0378371039405465
154,TX,0.0208092801317627,0.6596,0.6596,22,0.0378371039405465
155,CA,0.9576647105070344,0.7242,0.7242,947,0.0404234118759632
155,NY,0.0220233428404888,0.6782,0.6782,20,0.0404234118759632
155,TX,0.0203119466524768,0.6764,0.6764,33,0.0404234118759632
156,CA,0.9587679357889808,0.7174,0.7174,965,0.0387520985677838
156,NY,0.0214604751257404,0.68,0.68,15,0.0387520985677838
156,TX,0.0197715890852787,0.6736,0.6736,20,0.0387520985677838
157,CA,0.9597003759420404,0.7136,0.7136,945,0.0379058429971337
157,NY,0.0210135447636405,0.666,0.666,33,0.0379058429971337
157,TX,0.0192860792943191,0.663,0.663,22,0.0379058429971337
158,CA,0.960808378382684,0.7236,0.7236,948,0.0380462016910314
158,NY,0.0204534220352438,0.6852,0.6852,24,0.0380462016910314
158,TX,0.0187381995820721,0.6816,0.6816,28,0.0380462016910314
159,CA,0.9616857105914364,0.7164,0.7164,957,0.036671589128673
159,NY,0.0200160015610769,0.6734,0.6734,20,0.036671589128673
159,TX,0.0182982878474868,0.6656,0.6656,23,0.036671589128673
160,CA,0.9626898161994948,0.7216,0.7216,965,0.0376424649730324
160,NY,0.0195349273140699,0.6818,0.6818,14,0.0376424649730324
160,TX,0.0177752564864352,0.6752,0.6752,21,0.0376424649730324
161,CA,0.9635866088428698,0.7116,0.7116,966,0.0372940953820943
161,NY,0.0191010953276945,0.6692,0.6692,14,0.0372940953820943
161,TX,0.0173122958294355,0.6686,0.6686,20,0.0372940953820943
162,CA,0.964462443500297,0.7156,0.7156,969,0.0373457167297601
162,NY,0.0186448517742487,0.6736,0.6736,16,0.0373457167297601
162,TX,0.0168927047254543,0.6758,0.6758,15,0.0373457167297601
163,CA,0.9652813310065476,0.7096,0.7096,971,0.0363942012190818
163,NY,0.0182038459145893,0.6684,0.6684,15,0.0363942012190818
163,TX,0.0165148230788628,0.6688,0.6688,14,0.0363942012190818
164,CA,0.966085914680487,0.7218,0.7218,966,0.0371771473437547
164,NY,0.0177799553590483,0.6792,0.6792,13,0.0371771473437547
164,TX,0.0161341299604647,0.681,0.681,21,0.0371771473437547
165,CA,0.9668809036119947,0.713,0.713,969,0.0366781894117593
165,NY,0.0173543207843909,0.673,0.673,14,0.0366781894117593
165,TX,0.0157647756036144,0.6706,0.6706,17,0.0366781894117593
166,CA,0.9676506176053477,0.7142,0.7142,971,0.0366076696664094
166,NY,0.0169625755202007,0.6672,0.6672,17,0.0366076696664094
166,TX,0.0153868068744516,0.665,0.665,12,0.0366076696664094
167,CA,0.9685287865024272,0.709,0.709,970,0.0369999771937727
167,NY,0.0165124669066494,0.666,0.666,16,0.0369999771937727
167,TX,0.0149587465909232,0.6562,0.6562,14,0.0369999771937727
168,CA,0.969379536387054,0.7194,0.7194,965,0.0365135101601481
168,NY,0.0161111376732279,0.6794,0.6794,15,0.0365135101601481
168,TX,0.0145093259397177,0.6744,0.6744,20,0.0365135101601481
169,CA,0.970111529473855,0.702,0.702,977,0.0375317744910717
169,NY,0.0157482120450637,0.666,0.666,11,0.0375317744910717
169,TX,0.0141402584810813,0.654,0.654,12,0.0375317744910717
170,CA,0.9708220594460478,0.7338,0.7338,975,0.0402491316199302
170,NY,0.0154264027285183,0.6972,0.6972,15,0.0402491316199302
170,TX,0.0137515378254338,0.7112,0.7112,10,0.0402491316199302
171,CA,0.9713124725782916,0.7098,0.7098,979,0.0362467216327786
171,NY,0.0151083841595283,0.6678,0.6678,13,0.0362467216327786
171,TX,0.0135791432621801,0.6656,0.6656,8,0.0362467216327786
172,CA,0.9720144231388193,0.7336,0.7336,980,0.0367495389655232
172,NY,0.0147479079919232,0.6942,0.6942,13,0.0367495389655232
172,TX,0.0132376688692575,0.707,0.707,7,0.0367495389655232
173,CA,0.9725379362072256,0.7264,0.7264,973,0.0377038540318608
173,NY,0.0144204907541741,0.68,0.68,14,0.0377038540318608
173,TX,0.0130415730386,0.6792,0.6792,13,0.0377038540318608
174,CA,0.97326217372717,0.7144,0.7144,962,0.0375378848984837
174,NY,0.0140433651525207,0.6776,0.6776,17,0.0375378848984837
174,TX,0.0126944611203091,0.6682,0.6682,21,0.0375378848984837
175,CA,0.9738889073346048,0.6952,0.6952,978,0.0370326684787869
175,NY,0.0137507701404241,0.6598,0.6598,11,0.0370326684787869
175,TX,0.012360322524971,0.6458,0.6458,11,0.0370326684787869
176,CA,0.974519756648969,0.7192,0.7192,974,0.0363913094624877
176,NY,0.0134723410328564,0.679,0.679,16,0.0363913094624877
176,TX,0.0120079023181746,0.6876,0.6876,10,0.0363913094624877
177,CA,0.9750421220940874,0.7056,0.7056,970,0.0409608669579029
177,NY,0.0131643703333853,0.667,0.667,17,0.0409608669579029
177,TX,0.0117935075725273,0.6614,0.6614,13,0.0409608669579029
178,CA,0.9756309657934952,0.7246,0.7246,973,0.0379694830626249
178,NY,0.0128742133496891,0.6838,0.6838,13,0.0379694830626249
178,TX,0.0114948208568158,0.6774,0.6774,14,0.0379694830626249
179,CA,0.9762354231033876,0.7044,0.7044,971,0.0375128844752907
179,NY,0.0125774271772445,0.6674,0.6674,15,0.0375128844752907
179,TX,0.0111871497193679,0.664,0.664,14,0.0375128844752907
180,CA,0.9767611260128788,0.7294,0.7294,975,0.037363676354289
180,NY,0.012311015774429,0.6786,0.6786,12,0.037363676354289
180,TX,0.0109278582126921,0.6778,0.6778,13,0.037363676354289
181,CA,0.977433289198419,0.7018,0.7018,974,0.036809048615396
181,NY,0.0119576107270654,0.657,0.657,12,0.036809048615396
181,TX,0.0106091000745155,0.6508,0.6508,14,0.036809048615396
182,CA,0.9780521235842524,0.7078,0.7078,977,0.0375793250277638
182,NY,0.0116501971442152,0.6718,0.6718,16,0.0375793250277638
182,TX,0.0102976792715324,0.6672,0.6672,7,0.0375793250277638
183,CA,0.9785319886557252,0.7408,0.7408,976,0.0377538437023758
183,NY,0.0114102093657056,0.6968,0.6968,14,0.0377538437023758
183,TX,0.0100578019785691,0.708,0.708,10,0.0377538437023758
184,CA,0.9789998621362148,0.715,0.715,976,0.0369953978806734
184,NY,0.0111271256948628,0.6644,0.6644,11,0.0369953978806734
184,TX,0.0098730121689223,0.6634,0.6634,13,0.0369953978806734
185,CA,0.9796124654979156,0.7074,0.7074,975,0.0379556324332952
185,NY,0.0108055841278521,0.669,0.669,17,0.0379556324332952
185,TX,0.0095819503742323,0.666,0.666,8,0.0379556324332952
186,CA,0.980078354116173,0.6938,0.6938,979,0.0368764391168952
186,NY,0.0105675863005806,0.6534,0.6534,12,0.0368764391168952
186,TX,0.0093540595832463,0.6456,0.6456,9,0.0368764391168952
187,CA,0.9805865340031616,0.6898,0.6898,986,0.036203920841217
187,NY,0.010320880161966,0.6444,0.6444,8,0.036203920841217
187,TX,0.0090925858348721,0.6324,0.6324,6,0.036203920841217
188,CA,0.981161645452984,0.7116,0.7116,983,0.0380488522350788
188,NY,0.0100494787371389,0.6608,0.6608,6,0.0380488522350788
188,TX,0.008788875809877,0.6564,0.6564,11,0.0380488522350788
189,CA,0.981732731855258,0.7086,0.7086,980,0.0372201157733798
189,NY,0.0097568876046556,0.6628,0.6628,12,0.0372201157733798
189,TX,0.0085103805400864,0.6578,0.6578,8,0.0372201157733798
190,CA,0.9822381612730824,0.7074,0.7074,988,0.0365111799910664
190,NY,0.0095002371819006,0.6652,0.6652,6,0.0365111799910664
190,TX,0.0082616015450168,0.653,0.653,6,0.0365111799910664
191,CA,0.9827275918072108,0.7366,0.7366,983,0.0378012526780366
191,NY,0.0092700466541389,0.6946,0.6946,10,0.0378012526780366
191,TX,0.0080023615386501,0.6936,0.6936,7,0.0378012526780366
192,CA,0.9831428167951708,0.7144,0.7144,989,0.0371324568986892
192,NY,0.0090496708985676,0.6658,0.6658,6,0.0371324568986892
192,TX,0.0078075123062617,0.6626,0.6626,5,0.0371324568986892
193,CA,0.9836271964708714,0.705,0.705,983,0.0366236390545964
193,NY,0.0087974620741175,0.6636,0.6636,9,0.0366236390545964
193,TX,0.007575341455011,0.6642,0.6642,8,0.0366236390545964
194,CA,0.984015775274842,0.7088,0.7088,986,0.0375661849975585
194,NY,0.0085872373007186,0.668,0.668,8,0.0375661849975585
194,TX,0.0073969874244392,0.6654,0.6654,6,0.0375661849975585
195,CA,0.9844025476211498,0.7154,0.7154,983,0.0369950486347079
195,NY,0.0083854996172232,0.6772,0.6772,9,0.0369950486347079
195,TX,0.0072119527616269,0.6812,0.6812,8,0.0369950486347079
196,CA,0.9847280204211918,0.7104,0.7104,982,0.036963946186006
196,NY,0.0082014748677581,0.6684,0.6684,9,0.036963946186006
196,TX,0.0070705047110501,0.6588,0.6588,9,0.036963946186006
197,CA,0.985136554884534,0.7166,0.7166,983,0.0373893361538648
197,NY,0.0080034012405097,0.672,0.672,11,0.0373893361538648
197,TX,0.0068600438749561,0.67,0.67,6,0.0373893361538648
198,CA,0.9855250178558124,0.7056,0.7056,987,0.0365005293861031
198,NY,0.0077985340756235,0.6656,0.6656,8,0.0365005293861031
198,TX,0.0066764480685639,0.663,0.663,5,0.0365005293861031
199,CA,0.985869724321036,0.7056,0.7056,989,0.0392517866566777
199,NY,0.0076183053436229,0.6762,0.6762,5,0.0392517866566777
199,TX,0.0065119703353409,0.6722,0.6722,6,0.0392517866566777
200,CA,0.9861249731879486,0.6998,0.6998,984,0.0396526949480176
200,NY,0.0074889244912551,0.6578,0.6578,10,0.0396526949480176
200,TX,0.0063861023207962,0.6558,0.6558,6,0.0396526949480176
